searched,title,authors,published,database,source
29/01/2018,MavHome: An agent-based smart home,"DJ Cook, M Youngblood, EO Heierman… - … 2003.(PerCom 2003 …, 2003 - ieeexplore.ieee.org",2003,Google Scholar,http://ieeexplore.ieee.org/abstract/document/1192783/
29/01/2018,The role of prediction algorithms in the MavHome smart home architecture,"SK Das, DJ Cook, A Battacharya… - IEEE Wireless …, 2002 - ieeexplore.ieee.org",2002,Google Scholar,http://ieeexplore.ieee.org/abstract/document/1160085/
29/01/2018,A review of smart homes—Present state and future challenges,"M Chan, D Estève, C Escriba, E Campo - Computer methods and programs …, 2008 - Elsevier",2008,Google Scholar,https://www.sciencedirect.com/science/article/pii/S0169260708000436
29/01/2018,Human behavior prediction for smart homes using deep learning,"S Choi, E Kim, S Oh - RO-MAN, 2013 IEEE, 2013 - ieeexplore.ieee.org",2013,Google Scholar,http://ieeexplore.ieee.org/abstract/document/6628440/
29/01/2018,Forecasting the behavior of an elderly using wireless sensors data in a smart home,"NK Suryadevara, SC Mukhopadhyay, R Wang… - … Applications of Artificial …, 2013 - Elsevier",2013,Google Scholar,https://www.sciencedirect.com/science/article/pii/S0952197613001553
29/01/2018,Smart homes for the elderly dementia sufferers: identification and prediction of abnormal behaviour,"A Lotfi, C Langensiepen, SM Mahmoud… - Journal of ambient …, 2012 - Springer",2012,Google Scholar,https://link.springer.com/article/10.1007/s12652-010-0043-x
29/01/2018,Automation intelligence for the smart environment,"GM Youngblood, EO Heierman, LB Holder… - … Joint Conference On …, 2005 - Citeseer",2005,Google Scholar,http://citeseerx.ist.psu.edu/viewdoc/download?doi=10.1.1.74.5893&rep=rep1&type=pdf
29/01/2018,SPEED: An inhabitant activity prediction algorithm for smart homes,"MR Alam, MBI Reaz, MAM Ali - IEEE Transactions on Systems …, 2012 - ieeexplore.ieee.org",2012,Google Scholar,http://ieeexplore.ieee.org/abstract/document/6097066/
29/01/2018,Forecasting multi-appliance usage for smart home energy management,"NC Truong, J McInerney, L Tran-Thanh, E Costanza… - 2013 - aaai.org",2013,Google Scholar,http://www.aaai.org/ocs/index.php/IJCAI/IJCAI13/paper/download/6847/7182
29/01/2018,Modeling human behavior from simple sensors in the home,"R Aipperspach, E Cohen, J Canny - International Conference on Pervasive …, 2006 - Springer",2006,Google Scholar,https://link.springer.com/10.1007%2F11748625_21
29/01/2018,"A review of smart homes—Past, present, and future","MR Alam, MBI Reaz, MAM Ali - IEEE Transactions on Systems …, 2012 - ieeexplore.ieee.org",2012,Google Scholar,http://ieeexplore.ieee.org/abstract/document/6177682/
29/01/2018,Activity recognition in the home using simple and ubiquitous sensors,"EM Tapia, SS Intille, K Larson - International conference on pervasive …, 2004 - Springer",2004,Google Scholar,https://link.springer.com/chapter/10.1007/978-3-540-24646-6_10
29/01/2018,"The goal: smart people, not smart homes","SS Intille - … : The International Conference on Smart Homes and …, 2006 - books.google.com",2006,Google Scholar,https://books.google.co.uk/books?hl=en&lr=&id=FALvAgAAQBAJ&oi=fnd&pg=PA3&dq=(human+OR+people+OR+person)+AND+(behaviour+OR+behavior+OR+action+OR+activity)+AND+(prediction+OR+predicting+OR+forecast+OR+forecasting)+AND+(algorithm+OR+method+OR+technique+OR+learning)+AND+(%22smart+home%22+OR+%22smart+environment%22+OR+%22smart+homes%22+OR+%22smart+e&ots=t6bgxty22j&sig=ObuRupTJb3vsTfr8E2PftaGJhJw
29/01/2018,A fast learning algorithm for deep belief nets,"GE Hinton, S Osindero, YW Teh - Neural computation, 2006 - MIT Press",2006,Google Scholar,https://www.mitpressjournals.org/doi/abs/10.1162/neco.2006.18.7.1527
29/01/2018,Energy prediction based on resident's activity,"C Chen, B Das, DJ Cook - Proceedings of the International workshop on …, 2010 - Citeseer",2010,Google Scholar,http://citeseerx.ist.psu.edu/viewdoc/download?doi=10.1.1.456.5318&rep=rep1&type=pdf
29/01/2018,An ontology-based context model in a smart home,"E Kim, J Choi - … Conference on Computational Science and Its …, 2006 - Springer",2006,Google Scholar,https://link.springer.com/chapter/10.1007/11751632_2
29/01/2018,Design and implementation of smart home energy management systems based on zigbee,"DM Han, JH Lim - IEEE Transactions on Consumer Electronics, 2010 - ieeexplore.ieee.org",2010,Google Scholar,http://ieeexplore.ieee.org/abstract/document/5606278/
29/01/2018,Health monitoring in an agent-based smart home by activity prediction,"SK Das, DJ Cook - … the International Conference on Smart Homes …, 2004 - researchgate.net",2004,Google Scholar,https://www.researchgate.net/profile/Diane_Cook2/publication/228767727_Health_monitoring_in_an_agent-based_smart_home_by_activity_prediction/links/543bc3070cf24a6ddb979bab.pdf
29/01/2018,Discovering temporal features and relations of activity patterns,"E Nazerfard, P Rashidi, DJ Cook - Data Mining Workshops …, 2010 - ieeexplore.ieee.org",2010,Google Scholar,http://ieeexplore.ieee.org/abstract/document/5693413/
29/01/2018,A unified framework for activity recognition-based behavior analysis and action prediction in smart homes,"I Fatima, M Fahim, YK Lee, S Lee - Sensors, 2013 - mdpi.com",2013,Google Scholar,http://www.mdpi.com/1424-8220/13/2/2682/htm
29/01/2018,A posture recognition-based fall detection system for monitoring an elderly person in a smart home environment,"M Yu, A Rhuma, SM Naqvi, L Wang… - IEEE transactions on …, 2012 - ieeexplore.ieee.org",2012,Google Scholar,http://ieeexplore.ieee.org/abstract/document/6279483/
29/01/2018,Conditional random fields for activity recognition in smart environments,"E Nazerfard, B Das, LB Holder, DJ Cook - Proceedings of the 1st ACM …, 2010 - dl.acm.org",2010,Google Scholar,https://dl.acm.org/citation.cfm?id=1883032
29/01/2018,Hardware design of smart home energy management system with dynamic price response,"Q Hu, F Li - IEEE Transactions on Smart grid, 2013 - ieeexplore.ieee.org",2013,Google Scholar,http://ieeexplore.ieee.org/abstract/document/6525430/
29/01/2018,Smart-home technologies to assist older people to live well at home,"ME Morris, B Adair, K Miller, E Ozanne… - Journal of aging …, 2013 - dro.deakin.edu.au",2013,Google Scholar,http://dro.deakin.edu.au/eserv/DU:30059059/pearce-smarthometechnologies-2013.pdf
29/01/2018,Designing smart environments: A paradigm based on learning and prediction,"SK Das, DJ Cook - International Conference on Pattern Recognition and …, 2005 - Springer",2005,Google Scholar,https://link.springer.com/chapter/10.1007/11590316_11
29/01/2018,Bayesian networks structure learning for activity prediction in smart homes,"E Nazerfard, DJ Cook - Intelligent Environments (IE), 2012 8th …, 2012 - ieeexplore.ieee.org",2012,Google Scholar,http://ieeexplore.ieee.org/abstract/document/6258502/
29/01/2018,Seamless tracing of human behavior using complementary wearable and house-embedded sensors,"P Augustyniak, M Smoleń, Z Mikrut, E Kańtoch - Sensors, 2014 - mdpi.com",2014,Google Scholar,http://www.mdpi.com/1424-8220/14/5/7831/htm
29/01/2018,Smart home research,"L Jiang, DY Liu, B Yang - … Learning and Cybernetics, 2004 …, 2004 - ieeexplore.ieee.org",2004,Google Scholar,http://ieeexplore.ieee.org/abstract/document/1382266/
29/01/2018,From today's augmented houses to tomorrow's smart homes: new directions for home automation research,"S Mennicken, J Vermeulen, EM Huang - Proceedings of the 2014 ACM …, 2014 - dl.acm.org",2014,Google Scholar,https://dl.acm.org/citation.cfm?id=2636076
29/01/2018,"Cases, context, and comfort: Opportunities for case-based reasoning in smart homes","D Leake, A Maguitman, T Reichherzer - Designing Smart Homes, 2006 - Springer",2006,Google Scholar,https://link.springer.com/chapter/10.1007/11788485_7
29/01/2018,Beyond the smart home,"T Yamazaki - Hybrid Information Technology, 2006. ICHIT'06 …, 2006 - ieeexplore.ieee.org",2006,Google Scholar,http://ieeexplore.ieee.org/abstract/document/4021238/
29/01/2018,Incorporating temporal reasoning into activity recognition for smart home residents,"G Singla, DJ Cook, M Schmitter-Edgecombe - Proceedings of the AAAI …, 2008 - aaai.org",2008,Google Scholar,http://www.aaai.org/Papers/Workshops/2008/WS-08-11/WS08-11-008.pdf
29/01/2018,Context-aware resource management in multi-inhabitant smart homes a nash h-learning based approach,"N Roy, A Roy, SK Das - Pervasive Computing and …, 2006 - ieeexplore.ieee.org",2006,Google Scholar,http://ieeexplore.ieee.org/abstract/document/1604804/
29/01/2018,Anomaly detection using temporal data mining in a smart home environment,"V Jakkula, DJ Cook - Methods of information in medicine, 2008 - thieme-connect.com",2008,Google Scholar,https://www.thieme-connect.com/products/ejournals/html/10.3414/ME9103
29/01/2018,Plans and planning in smart homes,"R Simpson, D Schreckenghost, EF LoPresti… - … Smart Homes, 2006 - Springer",2006,Google Scholar,https://link.springer.com/chapter/10.1007/11788485_5
29/01/2018,Using duration to learn activities of daily living in a smart home environment,"S Zhang, S McClean, B Scotney… - … Conference on-NO …, 2010 - ieeexplore.ieee.org",2010,Google Scholar,http://ieeexplore.ieee.org/abstract/document/5482284/
29/01/2018,Detecting and predicting of abnormal behavior using hierarchical markov model in smart home network,"W Kang, D Shin, D Shin - Industrial Engineering and …, 2010 - ieeexplore.ieee.org",2010,Google Scholar,http://ieeexplore.ieee.org/abstract/document/5646583/
29/01/2018,Is ontology-based activity recognition really effective?,"D Riboni, L Pareschi, L Radaelli… - … Workshops), 2011 IEEE …, 2011 - ieeexplore.ieee.org",2011,Google Scholar,http://ieeexplore.ieee.org/abstract/document/5766927/
29/01/2018,Learning to control a smart home environment,"DJ Cook, M Huber, K Gopalratnam… - … applications of artificial …, 2003 - researchgate.net",2003,Google Scholar,https://www.researchgate.net/profile/Diane_Cook2/publication/228364629_Learning_to_control_a_smart_home_environment/links/543bc3080cf204cab1db2876/Learning-to-control-a-smart-home-environment.pdf
29/01/2018,Enabling context-aware smart home with semantic web technologies,"D Zhang, T Gu, X Wang - International Journal of Human-friendly Welfare …, 2005 - Citeseer",2005,Google Scholar,http://citeseerx.ist.psu.edu/viewdoc/download?doi=10.1.1.469.964&rep=rep1&type=pdf
29/01/2018,A neural network approach towards reinforcing smart home security,"CC Teoh, CE Tan - … (APSITT), 2010 8th Asia-Pacific Symposium …, 2010 - ieeexplore.ieee.org",2010,Google Scholar,http://ieeexplore.ieee.org/abstract/document/5532066/
29/01/2018,A data mining framework for activity recognition in smart environments,"C Chen, B Das, DJ Cook - Intelligent Environments (IE), 2010 …, 2010 - ieeexplore.ieee.org",2010,Google Scholar,http://ieeexplore.ieee.org/abstract/document/5673843/
29/01/2018,Smart homes and home health monitoring technologies for older adults: A systematic review,"L Liu, E Stroulia, I Nikolaidis, A Miguel-Cruz… - International journal of …, 2016 - Elsevier",2016,Google Scholar,https://www.sciencedirect.com/science/article/pii/S1386505616300648
29/01/2018,Dynamic sensor event segmentation for real-time activity recognition in a smart home context,"J Wan, MJ O'grady, GMP O'Hare - Personal and Ubiquitous Computing, 2015 - Springer",2015,Google Scholar,https://link.springer.com/article/10.1007/s00779-014-0824-x
29/01/2018,System and method of keeping track of normal behavior of the inhabitants of a house,"H Strubbe, EMA Diederiks, BM Van De Sluis… - US Patent …, 2005 - Google Patents",2005,Google Scholar,https://patents.google.com/patent/US6856249B2/en
29/01/2018,Reliable measurement of wireless sensor network data for forecasting wellness of elderly at smart home,"NK Suryadevara, SC Mukhopadhyay… - … (I2MTC), 2013 IEEE …, 2013 - ieeexplore.ieee.org",2013,Google Scholar,http://ieeexplore.ieee.org/abstract/document/6555372/
29/01/2018,User activity recognition in smart homes using pattern clustering applied to temporal ANN algorithm,"STM Bourobou, Y Yoo - Sensors, 2015 - mdpi.com",2015,Google Scholar,http://www.mdpi.com/1424-8220/15/5/11953/htm
29/01/2018,Mining sensor data in smart environment for temporal activity prediction,"V Jakkula, DJ Cook - Poster session at the ACM SIGKDD …, 2007 - pdfs.semanticscholar.org",2007,Google Scholar,https://pdfs.semanticscholar.org/4525/3bd5aaeaeb2e976b7c5c406fcbf7f4272743.pdf
29/01/2018,Prediction of humans' activity for learning the behaviors of electrical appliances in an intelligent ambient environment,"J Gil-Quijano, N Sabouret - … (WI-IAT), 2010 IEEE/WIC/ACM …, 2010 - ieeexplore.ieee.org",2010,Google Scholar,http://ieeexplore.ieee.org/abstract/document/5616098/
29/01/2018,Decision support for alzheimer's patients in smart homes,"S Zhang, S McClean, B Scotney, X Hong… - … , 2008. CBMS'08 …, 2008 - ieeexplore.ieee.org",2008,Google Scholar,http://ieeexplore.ieee.org/abstract/document/4561994/
29/01/2018,Human? Computer interaction for smart environment applications using hand gestures and facial expressions,"Q Chen, MD Cordea, EM Petriu… - … of Advanced Media …, 2009 - inderscienceonline.com",2009,Google Scholar,https://www.inderscienceonline.com/doi/abs/10.1504/IJAMC.2009.026854
29/01/2018,Probabilistic learning from incomplete data for recognition of activities of daily living in smart homes,"S Zhang, SI McClean… - IEEE Transactions on …, 2012 - ieeexplore.ieee.org",2012,Google Scholar,http://ieeexplore.ieee.org/abstract/document/6166892/
29/01/2018,Automated cognitive health assessment from smart home-based behavior data,"PN Dawadi, DJ Cook… - IEEE journal of …, 2016 - ieeexplore.ieee.org",2016,Google Scholar,http://ieeexplore.ieee.org/abstract/document/7206522/
29/01/2018,Context-aware implementation based on CBR for smart home,"T Ma, YD Kim, Q Ma, M Tang… - Wireless And Mobile …, 2005 - ieeexplore.ieee.org",2005,Google Scholar,http://ieeexplore.ieee.org/abstract/document/1512957/
29/01/2018,Detecting Anomalous Sensor Events in Smart Home Data for Enhancing the Living Experience.,"VR Jakkula, DJ Cook - Artificial intelligence and smarter living, 2011 - aaai.org",2011,Google Scholar,http://www.aaai.org/ocs/index.php/WS/AAAIW11/paper/download/3889/4212
29/01/2018,Using Bayesian Networks for Daily Activity Prediction.,"E Nazerfard, DJ Cook - AAAI workshop: plan, activity, and intent recognition, 2013 - aaai.org",2013,Google Scholar,http://www.aaai.org/ocs/index.php/WS/AAAIW13/paper/download/7009/6592
29/01/2018,Effective learning system techniques for human–robot interaction in service environment,"ZZ Bien, HE Lee - Knowledge-Based Systems, 2007 - Elsevier",2007,Google Scholar,https://www.sciencedirect.com/science/article/pii/S0950705107000135
29/01/2018,Recognition of emergent human behaviour in a smart home: A data mining approach,"S Lühr, G West, S Venkatesh - Pervasive and Mobile Computing, 2007 - Elsevier",2007,Google Scholar,https://www.sciencedirect.com/science/article/pii/S1574119206000423
29/01/2018,An approach to cognitive assessment in smart home,"P Dawadi, D Cook, C Parsey… - Proceedings of the …, 2011 - dl.acm.org",2011,Google Scholar,https://dl.acm.org/citation.cfm?id=2023592
29/01/2018,A possibilistic approach for activity recognition in smart homes for cognitive assistance to Alzheimer's patients,"PC Roy, S Giroux, B Bouchard, A Bouzouane… - Activity Recognition in …, 2011 - Springer",2011,Google Scholar,https://link.springer.com/chapter/10.2991/978-94-91216-05-3_2
29/01/2018,How smart are our environments? An updated look at the state of the art,"DJ Cook, SK Das - Pervasive and mobile computing, 2007 - Elsevier",2007,Google Scholar,https://www.sciencedirect.com/science/article/pii/S1574119206000642
29/01/2018,Automated assessment of cognitive health using smart home technologies,"PN Dawadi, DJ Cook… - … and health care, 2013 - content.iospress.com",2013,Google Scholar,https://content.iospress.com/articles/technology-and-health-care/thc00734
29/01/2018,Using association rule mining to discover temporal relations of daily activities,"E Nazerfard, P Rashidi, DJ Cook - … On Smart homes and health Telematics, 2011 - Springer",2011,Google Scholar,https://link.springer.com/chapter/10.1007/978-3-642-21535-3_7
29/01/2018,A demand side management strategy based on forecasting of residential renewable sources: A smart home system in Turkey,"A Tascikaraoglu, AR Boynuegri, M Uzunoglu - Energy and Buildings, 2014 - Elsevier",2014,Google Scholar,https://www.sciencedirect.com/science/article/pii/S0378778814004460
29/01/2018,A critical review of user studies on healthy smart homes,"MJ Kim, MW Oh, ME Cho, H Lee… - Indoor and Built …, 2013 - journals.sagepub.com",2013,Google Scholar,http://journals.sagepub.com/doi/abs/10.1177/1420326X12469733
29/01/2018,A review of systems and technologies for smart homes and smart grids,"G Lobaccaro, S Carlucci, E Löfström - Energies, 2016 - mdpi.com",2016,Google Scholar,http://www.mdpi.com/1996-1073/9/5/348/htm
29/01/2018,Smart home-based health platform for behavioral monitoring and alteration of diabetes patients,"A Helal, DJ Cook, M Schmalz - Journal of diabetes science …, 2009 - journals.sagepub.com",2009,Google Scholar,http://journals.sagepub.com/doi/abs/10.1177/193229680900300115
29/01/2018,Possibilistic activity recognition in smart homes for cognitively impaired people,"PC Roy, A Bouzouane, S Giroux… - Applied Artificial …, 2011 - Taylor & Francis",2011,Google Scholar,http://www.tandfonline.com/doi/abs/10.1080/08839514.2011.617248
29/01/2018,CRAFFT: an activity prediction model based on Bayesian networks,"E Nazerfard, DJ Cook - Journal of ambient intelligence and humanized …, 2015 - Springer",2015,Google Scholar,https://link.springer.com/article/10.1007/s12652-014-0219-x
29/01/2018,An ontology-based hybrid approach to activity modeling for smart homes,"L Chen, C Nugent, G Okeyo - IEEE Transactions on human …, 2014 - ieeexplore.ieee.org",2014,Google Scholar,http://ieeexplore.ieee.org/abstract/document/6689346/
29/01/2018,A foundational ontology-based model for human activity representation in smart homes,"Q Ni, I Pau de la Cruz… - … Intelligence and Smart …, 2016 - content.iospress.com",2016,Google Scholar,https://content.iospress.com/articles/journal-of-ambient-intelligence-and-smart-environments/ais359
29/01/2018,Temporal pattern discovery for anomaly detection in a smart home,"V Jakkula, DJ Cook, AS Crandall - 2007 - IET",2007,Google Scholar,http://digital-library.theiet.org/content/conferences/10.1049/cp_20070390
29/01/2018,Research and application on the smart home based on component technologies and Internet of Things,"B Li, J Yu - Procedia Engineering, 2011 - Elsevier",2011,Google Scholar,https://www.sciencedirect.com/science/article/pii/S1877705811018911
29/01/2018,"Activity learning: discovering, recognizing, and predicting human behavior from sensor data","DJ Cook, NC Krishnan - 2015 - books.google.com",2015,Google Scholar,https://books.google.co.uk/books?hl=en&lr=&id=TMZ9BgAAQBAJ&oi=fnd&pg=PR11&dq=(human+OR+people+OR+person)+AND+(behaviour+OR+behavior+OR+action+OR+activity)+AND+(prediction+OR+predicting+OR+forecast+OR+forecasting)+AND+(algorithm+OR+method+OR+technique+OR+learning)+AND+(%22smart+home%22+OR+%22smart+environment%22+OR+%22smart+homes%22+OR+%22smart+e&ots=9qlN2shqjt&sig=Kxw7oY8vOgCjG4op9m2pBsdATsc
29/01/2018,Learning structure of human behavior patterns in a smart home system,"Z Bien, SW Lee - Quantitative Logic and Soft Computing 2010, 2010 - Springer",2010,Google Scholar,https://link.springer.com/chapter/10.1007/978-3-642-15660-1_1
29/01/2018,Prediction models for a smart home based health care system,"VR Jakkula, DJ Cook, G Jain - … Information Networking and …, 2007 - ieeexplore.ieee.org",2007,Google Scholar,http://ieeexplore.ieee.org/abstract/document/4224196/
29/01/2018,Discovering activities to recognize and track in a smart environment,"P Rashidi, DJ Cook, LB Holder… - IEEE transactions on …, 2011 - ieeexplore.ieee.org",2011,Google Scholar,http://ieeexplore.ieee.org/abstract/document/5560652/
29/01/2018,A modular and flexible system for activity recognition and smart home control based on nonobtrusive sensors,"J Kropf, L Roedl, A Hochgatterer - … Computing Technologies for …, 2012 - ieeexplore.ieee.org",2012,Google Scholar,http://ieeexplore.ieee.org/abstract/document/6240401/
29/01/2018,A logical framework for behaviour reasoning and assistance in a smart home,"L Chen, CD Nugent, M Mulvenna, D Finlay… - International Journal of …, 2008 - uir.ulster.ac.uk",2008,Google Scholar,http://uir.ulster.ac.uk/10268/
29/01/2018,Development of a life logging system via depth imaging-based human activity recognition for smart homes,"A Jalal, JT Kim, TS Kim - Proceedings of the International Symposium on …, 2012 - Citeseer",2012,Google Scholar,http://citeseerx.ist.psu.edu/viewdoc/download?doi=10.1.1.456.9125&rep=rep1&type=pdf
29/01/2018,A multi-agent approach to controlling a smart environment,"DJ Cook, M Youngblood, SK Das - Designing smart homes, 2006 - Springer",2006,Google Scholar,https://link.springer.com/chapter/10.1007/11788485_10
29/01/2018,Learning under uncertainty in smart home environments,"S Zhang, S McClean, B Scotney… - Engineering in Medicine …, 2008 - ieeexplore.ieee.org",2008,Google Scholar,http://ieeexplore.ieee.org/abstract/document/4649603/
29/01/2018,Artificial neural networks in smart homes,"R Begg, R Hassan - Designing Smart Homes, 2006 - Springer",2006,Google Scholar,https://link.springer.com/chapter/10.1007/11788485_9
29/01/2018,Human activity classification for smart home: A multiagent approach,"MR Alam, MBI Reaz, MAM Ali… - … & Applications (ISIEA …, 2010 - ieeexplore.ieee.org",2010,Google Scholar,http://ieeexplore.ieee.org/abstract/document/5679411/
29/01/2018,Wireless sensors network based safe home to care elderly people: behaviour detection,"NK Suryadevara, A Gaddam, RK Rayudu… - Procedia …, 2011 - Elsevier",2011,Google Scholar,https://www.sciencedirect.com/science/article/pii/S1877705811056931
29/01/2018,Probabilistic Data Management for Pervasive Computing: The Data Furnace Project.,"…, DZ Wang, E Michelakis, L Tancau, E Wu… - IEEE Data Eng …, 2006 - softnet.tuc.gr",2006,Google Scholar,http://www.softnet.tuc.gr/~minos/Papers/debull06.pdf
29/01/2018,I'll keep an eye on you: Home robot companion for elderly people with cognitive impairment,"…, S Mueller, M Volkhardt, E Einhorn… - Systems, Man, and …, 2011 - ieeexplore.ieee.org",2011,Google Scholar,http://ieeexplore.ieee.org/abstract/document/6084050/
29/01/2018,A smart home test bed for undergraduate education to bridge the curriculum gap from traditional power systems to modernized smart grids,"Q Hu, F Li, C Chen - IEEE Transactions on Education, 2015 - ieeexplore.ieee.org",2015,Google Scholar,http://ieeexplore.ieee.org/abstract/document/6815765/
29/01/2018,Modeling for home electric energy management: a review,"AM Vega, F Santamaria, E Rivas - Renewable and Sustainable Energy …, 2015 - Elsevier",2015,Google Scholar,https://www.sciencedirect.com/science/article/pii/S136403211500670X
29/01/2018,Identification of lifestyle behavior patterns with prediction of the happiness of an inhabitant in a smart home,"V Jakkula, GM Youngblood, DJ Cook - AAAI Workshop on Computational …, 2006 - aaai.org",2006,Google Scholar,http://www.aaai.org/Papers/Workshops/2006/WS-06-04/WS06-04-005.pdf
29/01/2018,"Smart home and smart city solutions enabled by 5G, IoT, AAI and CoT services","KE Skouby, P Lynggaard - Contemporary Computing and …, 2014 - ieeexplore.ieee.org",2014,Google Scholar,http://ieeexplore.ieee.org/abstract/document/7019822/
29/01/2018,Using event calculus for behaviour reasoning and assistance in a smart home,"L Chen, C Nugent, M Mulvenna, D Finlay… - … on Smart Homes and …, 2008 - Springer",2008,Google Scholar,https://link.springer.com/chapter/10.1007/978-3-540-69916-3_10
29/01/2018,Unobtrusive anomaly detection in presence of elderly in a smart-home environment,"M Novák, M Biňas, F Jakab - ELEKTRO, 2012, 2012 - ieeexplore.ieee.org",2012,Google Scholar,http://ieeexplore.ieee.org/abstract/document/6225617/
29/01/2018,Framing the evidence for health smart homes and home-based consumer health technologies as a public health intervention for independent aging: a …,"B Reeder, E Meyer, A Lazar, S Chaudhuri… - International journal of …, 2013 - Elsevier",2013,Google Scholar,https://www.sciencedirect.com/science/article/pii/S1386505613000658
29/01/2018,What we do–and don't–know about the Smart Home: an analysis of the Smart Home literature,"S Solaimani, W Keijzer-Broers… - Indoor and Built …, 2015 - journals.sagepub.com",2015,Google Scholar,http://journals.sagepub.com/doi/abs/10.1177/1420326X13516350
29/01/2018,Smart Home-From User's Behavior to Prediction of Energy Consumption.,"L Hawarah, M Jacomino, S Ploix - ICINCO (1), 2010 - ai2-s2-pdfs.s3.amazonaws.com",2010,Google Scholar,http://ai2-s2-pdfs.s3.amazonaws.com/06fb/ac552090be99b8105c116db3d1137609214b.pdf
29/01/2018,Learning algorithm for human activity detection in smart environments,"V Boton-Fern, A Lozano-Tello - … WI-IAT), 2011 IEEE/WIC/ACM …, 2011 - ieeexplore.ieee.org",2011,Google Scholar,http://ieeexplore.ieee.org/abstract/document/6040701/
29/01/2018,A first-person experience with end-user development for smart homes,"J Coutaz, JL Crowley - IEEE Pervasive Computing, 2016 - ieeexplore.ieee.org",2016,Google Scholar,http://ieeexplore.ieee.org/abstract/document/7445783/
29/01/2018,Social barriers to the adoption of smart homes,"N Balta-Ozkan, R Davidson, M Bicket, L Whitmarsh - Energy Policy, 2013 - Elsevier",2013,Google Scholar,https://www.sciencedirect.com/science/article/pii/S0301421513008471
29/01/2018,COM: A method for mining and monitoring human activity patterns in home-based health monitoring systems,"P Rashidi, DJ Cook - ACM Transactions on Intelligent Systems and …, 2013 - dl.acm.org",2013,Google Scholar,https://dl.acm.org/citation.cfm?id=2508045
29/01/2018,The georgia tech aware home,"JA Kientz, SN Patel, B Jones, ED Price… - … abstracts on Human …, 2008 - dl.acm.org",2008,Google Scholar,https://dl.acm.org/citation.cfm?id=1358911
29/01/2018,The smart thermostat: using occupancy sensors to save energy in homes,"…, G Gao, B Holben, J Stankovic, E Field… - Proceedings of the 8th …, 2010 - dl.acm.org",2010,Google Scholar,https://dl.acm.org/citation.cfm?id=1870005
29/01/2018,WSN-and IOT-based smart homes and their extension to smart buildings,"H Ghayvat, S Mukhopadhyay, X Gui, N Suryadevara - Sensors, 2015 - mdpi.com",2015,Google Scholar,http://www.mdpi.com/1424-8220/15/5/10350/htm
29/01/2018,Keeping the resident in the loop: Adapting the smart home to the user,"P Rashidi, DJ Cook - IEEE Transactions on systems, man, and …, 2009 - ieeexplore.ieee.org",2009,Google Scholar,http://ieeexplore.ieee.org/abstract/document/5196706/
29/01/2018,EEM: evolutionary ensembles model for activity recognition in Smart Homes,"M Fahim, I Fatima, S Lee, YK Lee - Applied intelligence, 2013 - Springer",2013,Google Scholar,https://link.springer.com/article/10.1007/s10489-012-0359-7
29/01/2018,Fundamentals and design of smart home middleware,"MC Tu, D Shin, DK Shin, J Choi - Computational Sciences and …, 2009 - ieeexplore.ieee.org",2009,Google Scholar,http://ieeexplore.ieee.org/abstract/document/5193778/
29/01/2018,Multimodal identification and localization of users in a smart environment,"…, O Ambekar, B Schouten, E Pauwels - Journal on Multimodal …, 2008 - Springer",2008,Google Scholar,https://link.springer.com/article/10.1007/s12193-008-0008-y
29/01/2018,Artificial intelligence techniques for advanced smart home implementation,"MBI Reaz - Acta Technica Corviniensis-Bulletin of …, 2013 - search.proquest.com",2013,Google Scholar,http://search.proquest.com/openview/6057a673ea68732397d44839ea9fa4a6/1?pq-origsite=gscholar&cbl=616471
29/01/2018,Real-time human tracker based on location and motion recognition of user for smart home,"QC Nguyen, D Shin, D Shin… - Multimedia and Ubiquitous …, 2009 - ieeexplore.ieee.org",2009,Google Scholar,http://ieeexplore.ieee.org/abstract/document/5318885/
29/01/2018,"Ambient intelligence: Technologies, applications, and opportunities","DJ Cook, JC Augusto, VR Jakkula - Pervasive and Mobile Computing, 2009 - Elsevier",2009,Google Scholar,https://www.sciencedirect.com/science/article/pii/S157411920900025X
29/01/2018,Editorial home automation as a means of independent living,"…, P Fiorini, Y Tsumaki, E Prassler - IEEE Transactions …, 2008 - ieeexplore.ieee.org",2008,Google Scholar,http://ieeexplore.ieee.org/abstract/document/4389777/
29/01/2018,Review of methods to map people's daily activity–application for smart homes,"S Gauthier, D Shipworth - Sustainability in Energy and Buildings, 2013 - Springer",2013,Google Scholar,https://link.springer.com/chapter/10.1007/978-3-642-36645-1_38
29/01/2018,Robotic smart house to assist people with movement disabilities,"KH Park, Z Bien, JJ Lee, BK Kim, JT Lim, JO Kim… - Autonomous …, 2007 - Springer",2007,Google Scholar,https://link.springer.com/article/10.1007/s10514-006-9012-9
29/01/2018,Software engineering for health education and care delivery systems: The Smart Condo project,"E Stroulia, D Chodos, NM Boers… - … in Health Care …, 2009 - ieeexplore.ieee.org",2009,Google Scholar,http://ieeexplore.ieee.org/abstract/document/5069602/
29/01/2018,Person movement prediction using neural networks,"L Vintan, A Gellert, J Petzold, T Ungerer - 2006 - opus.bibliothek.uni-augsburg.de",2006,Google Scholar,https://opus.bibliothek.uni-augsburg.de/opus4/files/153/technical_report_2004-10.pdf
29/01/2018,Smart home automation system for energy efficient housing,"N Skeledzija, J Cesic, E Koco, V Bachler… - … (MIPRO), 2014 37th …, 2014 - ieeexplore.ieee.org",2014,Google Scholar,http://ieeexplore.ieee.org/abstract/document/6859554/
29/01/2018,Activity recognition based on streaming sensor data for assisted living in smart homes,"B Chen, Z Fan, F Cao - Intelligent Environments (IE), 2015 …, 2015 - ieeexplore.ieee.org",2015,Google Scholar,http://ieeexplore.ieee.org/abstract/document/7194280/
29/01/2018,Seamlessly engineering a smart environment,"M Youngblood, DJ Cook… - Systems, Man and …, 2005 - ieeexplore.ieee.org",2005,Google Scholar,http://ieeexplore.ieee.org/abstract/document/1571203/
29/01/2018,Assessment of activity of elderly people using a home monitoring system,"M Chan, E Campo, D Estève - International Journal of …, 2005 - journals.lww.com",2005,Google Scholar,https://journals.lww.com/intjrehabilres/Abstract/2005/03000/Assessment_of_activity_of_elderly_people_using_a.10.aspx
29/01/2018,Human Activity Detection from RGBD Images.,"J Sung, C Ponce, B Selman, A Saxena - … , activity, and intent recognition, 2011 - aaai.org",2011,Google Scholar,http://www.aaai.org/ocs/index.php/WS/AAAIW11/paper/viewFile/4000/4315/
29/01/2018,Smart homes as a means to sustainable energy consumption: A study of consumer perceptions,"AG Paetz, E Dütschke, W Fichtner - Journal of consumer policy, 2012 - Springer",2012,Google Scholar,https://link.springer.com/article/10.1007/s10603-011-9177-2
29/01/2018,Regression tree classification for activity prediction in smart homes,"B Minor, DJ Cook - Proceedings of the 2014 ACM International Joint …, 2014 - dl.acm.org",2014,Google Scholar,https://dl.acm.org/citation.cfm?id=2641669
29/01/2018,Smart home design for disabled people based on neural networks,"A Hussein, M Adda, M Atieh, W Fahs - Procedia Computer Science, 2014 - Elsevier",2014,Google Scholar,https://www.sciencedirect.com/science/article/pii/S1877050914009855
29/01/2018,Activity recognition using actigraph sensor,"R Srinivasan, C Chen, D Cook - Proceedings of the Fourth Int. Workshop …, 2010 - Citeseer",2010,Google Scholar,http://citeseerx.ist.psu.edu/viewdoc/download?doi=10.1.1.464.6363&rep=rep1&type=pdf
29/01/2018,Dynamic sign language recognition for smart home interactive application using stochastic linear formal grammar,"MR Abid, EM Petriu, E Amjadian - IEEE Transactions on …, 2015 - ieeexplore.ieee.org",2015,Google Scholar,http://ieeexplore.ieee.org/abstract/document/6894169/
29/01/2018,Mobile interfaces for better living: supporting awareness in a smart home environment,"D Gračanin, DS McCrickard, A Billingsley… - … access in human …, 2011 - Springer",2011,Google Scholar,https://link.springer.com/chapter/10.1007/978-3-642-21666-4_19
29/01/2018,S-CRETA: smart classroom real-time assistance,"K Maria, E Vasilis, A Grigoris - Ambient Intelligence-Software and …, 2012 - Springer",2012,Google Scholar,https://link.springer.com/10.1007%2F978-3-642-28783-1_9
29/01/2018,HMM-based human fall detection and prediction method using tri-axial accelerometer,"L Tong, Q Song, Y Ge, M Liu - IEEE Sensors Journal, 2013 - ieeexplore.ieee.org",2013,Google Scholar,http://ieeexplore.ieee.org/abstract/document/6450028/
29/01/2018,Automated cognitive health assessment using smart home monitoring of complex tasks,"PN Dawadi, DJ Cook… - IEEE transactions on …, 2013 - ieeexplore.ieee.org",2013,Google Scholar,http://ieeexplore.ieee.org/abstract/document/6582536/
29/01/2018,User activity recognition for energy saving in smart homes,"P Cottone, S Gaglio, GL Re, M Ortolani - Pervasive and Mobile Computing, 2015 - Elsevier",2015,Google Scholar,https://www.sciencedirect.com/science/article/pii/S1574119214001382
29/01/2018,"Computer-automated system and method of assessing the orientation, awareness and responses of a person with reduced capacity","KP Berisford, AE Berisford, CH Krienen Jr… - US Patent …, 2009 - Google Patents",2009,Google Scholar,https://patents.google.com/patent/US7562121B2/en
29/01/2018,Method and apparatus for detection and prediction of events based on changes in behavior,"E Wernevi, S Apsell - US Patent 9,710,761, 2017 - Google Patents",2017,Google Scholar,https://patents.google.com/patent/US9710761B2/en
29/01/2018,Perception of smart home technologies to assist elderly people,"S Chernbumroong, A ATKINS… - … Conference on Software …, 2010 - eprints.staffs.ac.uk",2010,Google Scholar,http://eprints.staffs.ac.uk/1163/1/Proceeeding%20of%20SKIMA%202010.pdf
29/01/2018,Context-dependent user modelling for smart homes,"E Vildjiounaite, O Kocsis, V Kyllönen… - … Conference on User …, 2007 - Springer",2007,Google Scholar,https://link.springer.com/chapter/10.1007/978-3-540-73078-1_42
29/01/2018,Health monitoring in an agent-based smart home,"DJ Cook, S Das, K Gopalratnam… - Proceedings of the …, 2003 - ailab.wsu.edu",2003,Google Scholar,http://ailab.wsu.edu/mavhome/publications/cookhm03.doc
29/01/2018,Activity and anomaly detection in smart home: A survey,"U Bakar, H Ghayvat, SF Hasanm… - … Generation Sensors and …, 2016 - Springer",2016,Google Scholar,https://link.springer.com/chapter/10.1007/978-3-319-21671-3_9
29/01/2018,Clustering-based ensemble learning for activity recognition in smart homes,"A Jurek, C Nugent, Y Bi, S Wu - Sensors, 2014 - mdpi.com",2014,Google Scholar,http://www.mdpi.com/1424-8220/14/7/12285htm
29/01/2018,Wireless sensors network based safe home to care elderly people: Behaviour detection,"NK Suryadevara, A Gaddam, RK Rayudu… - Sensors and Actuators A …, 2012 - Elsevier",2012,Google Scholar,https://www.sciencedirect.com/science/article/pii/S0924424712001847
29/01/2018,Sensor-based occupancy behavioral pattern recognition for energy and comfort management in intelligent buildings,"B Dong, B Andrews - Proceedings of building simulation, 2009 - pdfs.semanticscholar.org",2009,Google Scholar,https://pdfs.semanticscholar.org/de95/b672e9e30b04749623c2d92c89f256eedda4.pdf
29/01/2018,Predicting air quality in smart environments,"S Deleawe, J Kusznir, B Lamb… - … intelligence and smart …, 2010 - content.iospress.com",2010,Google Scholar,https://content.iospress.com/articles/journal-of-ambient-intelligence-and-smart-environments/ais061
29/01/2018,Recommending energy tariffs and load shifting based on smart household usage profiling,"…, S Moran, K Bachour, S Reece, E Costanza… - Proceedings of the …, 2013 - dl.acm.org",2013,Google Scholar,https://dl.acm.org/citation.cfm?id=2449446
29/01/2018,Multi-user preference model and service provision in a smart home environment,"ZH Lin, LC Fu - … Science and Engineering, 2007. CASE 2007 …, 2007 - ieeexplore.ieee.org",2007,Google Scholar,http://ieeexplore.ieee.org/abstract/document/4341737/
29/01/2018,Context aware life pattern prediction using fuzzy-state Q-learning,"MA Feki, SW Lee, Z Bien, M Mokhtari - … Conference on Smart Homes and …, 2007 - Springer",2007,Google Scholar,https://link.springer.com/chapter/10.1007/978-3-540-73035-4_20
29/01/2018,Smart homes,"DJ Cook, M Youngblood - … Encyclopedia of Human …, 2004 - pdfs.semanticscholar.org",2004,Google Scholar,https://pdfs.semanticscholar.org/4d72/814950687ce39ab548a788bd95fe27763a8e.pdf
29/01/2018,Wireless sensor networks: a survey,"IF Akyildiz, W Su, Y Sankarasubramaniam, E Cayirci - Computer networks, 2002 - Elsevier",2002,Google Scholar,https://www.sciencedirect.com/science/article/pii/S1389128601003024
29/01/2018,Designing and modeling smart environments,"SK Das, DJ Cook - Proceedings of the 2006 International Symposium on …, 2006 - dl.acm.org",2006,Google Scholar,https://dl.acm.org/citation.cfm?id=1139449
29/01/2018,Detecting health and behavior change by analyzing smart home sensor data,"G Sprint, D Cook, R Fritz… - Smart Computing …, 2016 - ieeexplore.ieee.org",2016,Google Scholar,http://ieeexplore.ieee.org/abstract/document/7501687/
29/01/2018,Classifier ensemble optimization for human activity recognition in smart homes,"I Fatima, M Fahim, YK Lee, S Lee - … of the 7th International Conference on …, 2013 - dl.acm.org",2013,Google Scholar,https://dl.acm.org/citation.cfm?id=2448639
29/01/2018,A cooperative learning framework for mobility-aware resource management in multi-inhabitant smart homes,"N Roy, A Roy, SK Das, K Basu - Mobile and Ubiquitous …, 2005 - ieeexplore.ieee.org",2005,Google Scholar,http://ieeexplore.ieee.org/abstract/document/1541019/
29/01/2018,On the design of smart homes: A framework for activity recognition in home environment,"F Cicirelli, G Fortino, A Giordano, A Guerrieri… - Journal of medical …, 2016 - Springer",2016,Google Scholar,https://link.springer.com/article/10.1007/s10916-016-0549-7
29/01/2018,Monitoring human health behaviour in one's living environment: a technological review,"SA Lowe, G ÓLaighin - Medical Engineering and Physics, 2014 - medengphys.com",2014,Google Scholar,https://www.medengphys.com/article/S1350-4533(13)00256-7/fulltext
29/01/2018,Smart*: An open data set and tools for enabling research in sustainable homes,"S Barker, A Mishra, D Irwin, E Cecchet… - SustKDD …, 2012 - pdfs.semanticscholar.org",2012,Google Scholar,https://pdfs.semanticscholar.org/0311/0c50bff2b5a694bba01d9503096978a83f28.pdf
29/01/2018,Electric energy management in the smart home: Perspectives on enabling technologies and consumer behavior,"A Zipperer, PA Aloise-Young… - Proceedings of the …, 2013 - ieeexplore.ieee.org",2013,Google Scholar,http://ieeexplore.ieee.org/abstract/document/6573315/
29/01/2018,Human activity detection based on multiple smart phone sensors and machine learning algorithms,"X Yin, W Shen, J Samarabandu… - … Cooperative Work in …, 2015 - ieeexplore.ieee.org",2015,Google Scholar,http://ieeexplore.ieee.org/abstract/document/7231023/
29/01/2018,Single activity sensor-based ensemble analysis for health monitoring of solitary elderly people,"O Kwon, JM Shim, G Lim - Expert Systems with Applications, 2012 - Elsevier",2012,Google Scholar,https://www.sciencedirect.com/science/article/pii/S0957417411016368
29/01/2018,Wellness sensor networks: A proposal and implementation for smart home for assisted living,"H Ghayvat, J Liu, SC Mukhopadhyay… - IEEE Sensors …, 2015 - ieeexplore.ieee.org",2015,Google Scholar,http://ieeexplore.ieee.org/abstract/document/7234860/
29/01/2018,HCI and Usability for e-Inclusion: 5th Symposium of the Workgroup Human-Computer Interaction and Usability Engineering of the Austrian Computer Society …,"A Holzinger, K Miesenberger - 2009 - books.google.com",2009,Google Scholar,https://books.google.co.uk/books?hl=en&lr=&id=4n9qCQAAQBAJ&oi=fnd&pg=PR2&dq=(human+OR+people+OR+person)+AND+(behaviour+OR+behavior+OR+action+OR+activity)+AND+(prediction+OR+predicting+OR+forecast+OR+forecasting)+AND+(algorithm+OR+method+OR+technique+OR+learning)+AND+(%22smart+home%22+OR+%22smart+environment%22+OR+%22smart+homes%22+OR+%22smart+e&ots=p5rWLzRLL4&sig=gF_24BvFuMtOducvgWKT163JXbI
29/01/2018,Internet of things for smart homes and buildings,"H Ghayvat, S Mukhopadhyay, J Liu, A Babu… - Australian Journal of …, 2015 - wombilical.net",2015,Google Scholar,https://wombilical.net/ajtde/2015-12-v3-n4/a23
29/01/2018,Human activity recognition in smart homes: Combining passive rfid and load signatures of electrical devices,"D Fortin-Simard, JS Bilodeau… - Intelligent Agents (IA …, 2014 - ieeexplore.ieee.org",2014,Google Scholar,http://ieeexplore.ieee.org/abstract/document/7009454/
29/01/2018,ARAS human activity datasets in multiple homes with multiple residents,"H Alemdar, H Ertan, OD Incel, C Ersoy - Proceedings of the 7th …, 2013 - dl.acm.org",2013,Google Scholar,https://dl.acm.org/citation.cfm?id=2534552
29/01/2018,A review of smart homes in healthcare,"M Amiribesheli, A Benmansour… - Journal of Ambient …, 2015 - Springer",2015,Google Scholar,https://link.springer.com/article/10.1007/s12652-015-0270-2
29/01/2018,AdAPT--A Dynamic Approach for Activity Prediction and Tracking for Ambient Intelligence,"J Frey - Intelligent Environments (IE), 2013 9th International …, 2013 - ieeexplore.ieee.org",2013,Google Scholar,http://ieeexplore.ieee.org/abstract/document/6597821/
29/01/2018,Smart cities and the ageing population,"KE Skouby, A Kivimäki, L Haukiputo… - The 32nd Meeting …, 2014 - pdfs.semanticscholar.org",2014,Google Scholar,https://pdfs.semanticscholar.org/d7a5/84f867996dbdf78a34697523c537dae218bc.pdf
29/01/2018,User's behavior classification model for smart houses occupant prediction,"R Kadouche, H Pigot, B Abdulrazak… - Activity Recognition in …, 2011 - Springer",2011,Google Scholar,https://link.springer.com/chapter/10.2991/978-94-91216-05-3_7
29/01/2018,Activity-aware energy-efficient automation of smart buildings,"BL Thomas, DJ Cook - Energies, 2016 - mdpi.com",2016,Google Scholar,http://www.mdpi.com/1996-1073/9/8/624/htm
29/01/2018,Activity Recognition In Smart Home Using Weighted Dempster-Shafer Theory,"E Javadi, B Moshiri, HS Yazdi - Adm, 2013 - pdfs.semanticscholar.org",2013,Google Scholar,https://pdfs.semanticscholar.org/98ab/e2eaba8d32bb57c0bc67019a97440a869b3e.pdf
29/01/2018,Proactive fuzzy control and adaptation methods for smart homes,"AM Vainio, M Valtonen, J Vanhala - IEEE Intelligent Systems, 2008 - ieeexplore.ieee.org",2008,Google Scholar,http://ieeexplore.ieee.org/abstract/document/4475858/
29/01/2018,Smart collaborative mobile system for taking care of disabled and elderly people,"S Sendra, E Granell, J Lloret… - Mobile Networks and …, 2014 - Springer",2014,Google Scholar,https://link.springer.com/article/10.1007/s11036-013-0445-z
29/01/2018,Context modulation of sensor data applied to activity recognition in smart homes,"N Twomey, P Flach - … European Conference on Machine Learning …, 2014 - researchgate.net",2014,Google Scholar,https://www.researchgate.net/profile/Niall_Twomey/publication/279931064_Context_Modulation_of_Sensor_Data_Applied_to_Activity_Recognition_in_Smart_Homes/links/559e974608aeab53f8fd5a7d.pdf
29/01/2018,Model and Simulator of the activity of the elderly person in a Health Smart Home,"T Hadidi, N Noury - e-Health Networking Applications and …, 2010 - ieeexplore.ieee.org",2010,Google Scholar,http://ieeexplore.ieee.org/abstract/document/5556531/
29/01/2018,Human activity recognition in big data smart home context,"S Azzi, A Bouzouane, S Giroux… - Big Data (Big Data) …, 2014 - ieeexplore.ieee.org",2014,Google Scholar,http://ieeexplore.ieee.org/abstract/document/7004406/
29/01/2018,Unsupervised mining of activities for smart home prediction,"J Lapalu, K Bouchard, A Bouzouane… - Procedia Computer …, 2013 - Elsevier",2013,Google Scholar,https://www.sciencedirect.com/science/article/pii/S1877050913006753
29/01/2018,A smart reminder system for complex human activities,"HT Chaminda, V Klyuev… - … Technology (ICACT), 2012 …, 2012 - ieeexplore.ieee.org",2012,Google Scholar,http://ieeexplore.ieee.org/abstract/document/6174656/
29/01/2018,An ontology-based reasoning approach towards energy-aware smart homes,"YG Cheong, YJ Kim, SY Yoo, H Lee… - … (CCNC), 2011 IEEE, 2011 - ieeexplore.ieee.org",2011,Google Scholar,http://ieeexplore.ieee.org/abstract/document/5766626/
29/01/2018,Implementation of pervasive computing based high-secure smart home system,"SV Raj - … Intelligence & Computing Research (ICCIC), 2012 …, 2012 - ieeexplore.ieee.org",2012,Google Scholar,http://ieeexplore.ieee.org/abstract/document/6510231/
29/01/2018,"Internet-of-things-based smart environments: state of the art, taxonomy, and open research challenges","E Ahmed, I Yaqoob, A Gani, M Imran… - IEEE Wireless …, 2016 - ieeexplore.ieee.org",2016,Google Scholar,http://ieeexplore.ieee.org/abstract/document/7721736/
29/01/2018,Seamless integration of heterogeneous devices and access control in smart homes,"JE Kim, G Boulos, J Yackovich, T Barth… - … (IE), 2012 8th …, 2012 - ieeexplore.ieee.org",2012,Google Scholar,http://ieeexplore.ieee.org/abstract/document/6258524/
29/01/2018,Learning activity models for multiple agents in a smart space,"A Crandall, DJ Cook - Handbook of Ambient Intelligence and Smart …, 2010 - Springer",2010,Google Scholar,https://link.springer.com/chapter/10.1007/978-0-387-93808-0_28
29/01/2018,Stochastic control of smart home energy management with plug-in electric vehicle battery energy storage and photovoltaic array,"X Wu, X Hu, S Moura, X Yin, V Pickert - Journal of Power Sources, 2016 - Elsevier",2016,Google Scholar,https://www.sciencedirect.com/science/article/pii/S037877531631357X
29/01/2018,A unified model for human behavior modeling using a hierarchy with a variable number of states,"H Alemdar, TLM Van Kasteren… - … (ICPR), 2014 22nd …, 2014 - ieeexplore.ieee.org",2014,Google Scholar,http://ieeexplore.ieee.org/abstract/document/6977365/
29/01/2018,Smart homes and their users: a systematic analysis and key challenges,"C Wilson, T Hargreaves… - Personal and Ubiquitous …, 2015 - Springer",2015,Google Scholar,https://link.springer.com/article/10.1007/s00779-014-0813-0
29/01/2018,A multiagent architectural framework for smart homes to provide icare services supported by decision taking procedures,"MÁ Valero, I Pau, E Gago, JF Martínez… - … on Smart homes …, 2006 - books.google.com",2006,Google Scholar,https://books.google.co.uk/books?hl=en&lr=&id=FALvAgAAQBAJ&oi=fnd&pg=PA363&dq=(human+OR+people+OR+person)+AND+(behaviour+OR+behavior+OR+action+OR+activity)+AND+(prediction+OR+predicting+OR+forecast+OR+forecasting)+AND+(algorithm+OR+method+OR+technique+OR+learning)+AND+(%22smart+home%22+OR+%22smart+environment%22+OR+%22smart+homes%22+OR+%22smart+e&ots=t6bgxty32h&sig=9-IQyFNm_xslCPyyeJTjxQdjnts
29/01/2018,Detecting and exploring deviating behaviour of smart home residents,"J Lundström, E Järpe, A Verikas - Expert Systems with Applications, 2016 - Elsevier",2016,Google Scholar,https://www.sciencedirect.com/science/article/pii/S0957417416300616
29/01/2018,Thermal signal analysis in smart home environment for detecting a human presence,"T Guettari, J Boudy, BE Benkelfat… - … for Signal and …, 2014 - ieeexplore.ieee.org",2014,Google Scholar,http://ieeexplore.ieee.org/abstract/document/6834631/
29/01/2018,Activity knowledge transfer in smart environments,"P Rashidi, DJ Cook - Pervasive and Mobile Computing, 2011 - Elsevier",2011,Google Scholar,https://www.sciencedirect.com/science/article/pii/S1574119211000320
29/01/2018,Wireless architectures for heterogeneous sensing in smart home applications: Concepts and real implementation,"F Viani, F Robol, A Polo, P Rocca… - Proceedings of the …, 2013 - ieeexplore.ieee.org",2013,Google Scholar,http://ieeexplore.ieee.org/abstract/document/6568872/
29/01/2018,Monitoring activities of daily living in smart homes: Understanding human behavior,"C Debes, A Merentitis, S Sukhanov… - IEEE Signal …, 2016 - ieeexplore.ieee.org",2016,Google Scholar,http://ieeexplore.ieee.org/abstract/document/7426574/
29/01/2018,Using graphs to improve activity prediction in smart environments based on motion sensor data,"SS Long, LB Holder - International Conference on Smart Homes and …, 2011 - Springer",2011,Google Scholar,https://link.springer.com/chapter/10.1007/978-3-642-21535-3_8
29/01/2018,A high-resolution smart home power demand model and future impact on load profile in Germany,"EB Alzate, NH Mallick, J Xie - Power and Energy (PECon), 2014 …, 2014 - ieeexplore.ieee.org",2014,Google Scholar,http://ieeexplore.ieee.org/abstract/document/7062413/
29/01/2018,"Learning, prediction and mediation of context uncertainty in smart pervasive environments","SK Das, N Roy - OTM Confederated International Conferences"" On the …, 2008 - Springer",2008,Google Scholar,https://link.springer.com/chapter/10.1007/978-3-540-88875-8_107
29/01/2018,Identifying tasks and predicting actions in smart homes using unlabeled data,"SP Rao, DJ Cook - … of the Machine Learning Workshop on The Continuum …, 2003 - Citeseer",2003,Google Scholar,http://citeseerx.ist.psu.edu/viewdoc/download?doi=10.1.1.75.5636&rep=rep1&type=pdf
29/01/2018,Coping with multiple residents in a smart environment,"AS Crandall, DJ Cook - … of Ambient Intelligence and Smart …, 2009 - content.iospress.com",2009,Google Scholar,https://content.iospress.com/articles/journal-of-ambient-intelligence-and-smart-environments/ais041
29/01/2018,Multi-resident activity recognition using incremental decision trees,"M Prossegger, A Bouchachia - Adaptive and Intelligent Systems, 2014 - Springer",2014,Google Scholar,https://link.springer.com/chapter/10.1007/978-3-319-11298-5_19
29/01/2018,Applying Multi-Agent System in a Context Aware Smart Home,"CH Lim, P Anthony, LC Fan - Learning, 2009 - wwwsst.ums.edu.my",2009,Google Scholar,http://wwwsst.ums.edu.my/data/file/EK4SakaG1m3M.pdf
29/01/2018,Augur: Mining human behaviors from fiction to power interactive systems,"E Fast, W McGrath, P Rajpurkar… - … Conference on Human …, 2016 - dl.acm.org",2016,Google Scholar,https://dl.acm.org/citation.cfm?id=2858528
29/01/2018,"Employing Grey Model forecasting GM (1, 1) to historical medical sensor data towards system preventive in smart home e-health for elderly person","R Jouini, T Lemlouma, K Maalaoui… - … and Mobile Computing …, 2016 - ieeexplore.ieee.org",2016,Google Scholar,http://ieeexplore.ieee.org/abstract/document/7577210/
29/01/2018,Doing the laundry with agents: a field trial of a future smart energy system in the home,"E Costanza, JE Fischer, JA Colley, T Rodden… - … Conference on Human …, 2014 - dl.acm.org",2014,Google Scholar,https://dl.acm.org/citation.cfm?id=2557167
29/01/2018,Human action recognition with sparse classification and multiple‐view learning,"R Cilla, MA Patricio, A Berlanga, JM Molina - Expert Systems, 2014 - Wiley Online Library",2014,Google Scholar,http://onlinelibrary.wiley.com/doi/10.1111/exsy.12040/full
29/01/2018,One-class classification-based real-time activity error detection in smart homes,"B Das, DJ Cook, NC Krishnan… - IEEE journal of …, 2016 - ieeexplore.ieee.org",2016,Google Scholar,http://ieeexplore.ieee.org/abstract/document/7421975/
29/01/2018,Smart watch RSSI localization and refinement for behavioral classification using laser-SLAM for mapping and fingerprinting,"JD Carlson, M Mittek, SA Parkison… - … in Medicine and …, 2014 - ieeexplore.ieee.org",2014,Google Scholar,http://ieeexplore.ieee.org/abstract/document/6944048/
29/01/2018,Multi-view human activity recognition in distributed camera sensor networks,"E Adeli Mosabbeb, K Raahemifar, M Fathy - Sensors, 2013 - mdpi.com",2013,Google Scholar,http://www.mdpi.com/1424-8220/13/7/8750/htm
29/01/2018,A smart home management system with hierarchical behavior suggestion and recovery mechanism,"VRL Shen, CY Yang, CH Chen - Computer Standards & Interfaces, 2015 - Elsevier",2015,Google Scholar,https://www.sciencedirect.com/science/article/pii/S0920548915000264
29/01/2018,"Observe, learn, and adapt (OLA)—An algorithm for energy management in smart homes using wireless sensors and artificial intelligence","B Qela, HT Mouftah - IEEE Transactions on Smart Grid, 2012 - ieeexplore.ieee.org",2012,Google Scholar,http://ieeexplore.ieee.org/abstract/document/6295694/
29/01/2018,A system for activity monitoring and patient tracking in a smart hospital,"C Nugent, JC Augusto - Smart Homes and Beyond: ICOST, 2006 - books.google.com",2006,Google Scholar,https://books.google.co.uk/books?hl=en&lr=&id=igknaT9lb_MC&oi=fnd&pg=PA196&dq=(human+OR+people+OR+person)+AND+(behaviour+OR+behavior+OR+action+OR+activity)+AND+(prediction+OR+predicting+OR+forecast+OR+forecasting)+AND+(algorithm+OR+method+OR+technique+OR+learning)+AND+(%22smart+home%22+OR+%22smart+environment%22+OR+%22smart+homes%22+OR+%22smart+e&ots=aPehYi_Ezx&sig=qIVz-dqDYs5SYd4ZataXAtuthGc
29/01/2018,Application of decision trees to smart homes,"V Stankovski, J Trnkoczy - Designing smart homes, 2006 - Springer",2006,Google Scholar,https://link.springer.com/chapter/10.1007/11788485_8
29/01/2018,Smart Homes from vision to reality: eliciting users' preferences of Smart Homes by a virtual experimental method,"E Allameh, M Heidari Jozam, B Vries… - The Fist International …, 2013 - researchgate.net",2013,Google Scholar,https://www.researchgate.net/profile/Mohammadali_Heidari/publication/260374492_SMART_HOMES_FROM_VISION_TO_REALITY_ELICITING_USERS%27_PREFERENCES_OF_SMART_HOMES_BY_A_VIRTUAL_EXPERIMENTAL_METHOD/links/00b7d530f182cce55d000000/SMART-HOMES-FROM-VISION-TO-REALITY-ELICITING-USERS-PREFERENCES-OF-SMART-HOMES-BY-A-VIRTUAL-EXPERIMENTAL-METHOD.pdf
29/01/2018,The behavioral profiling based on times series forecasting for smart homes assistance,"MT Moutacalli, A Bouzouane, B Bouchard - Journal of Ambient Intelligence …, 2015 - Springer",2015,Google Scholar,https://link.springer.com/article/10.1007/s12652-015-0281-z
29/01/2018,Extracting spatiotemporal human activity patterns in assisted living using a home sensor network,"D Lymberopoulos, A Bamis, A Savvides - Universal Access in the …, 2011 - Springer",2011,Google Scholar,https://link.springer.com/article/10.1007/s10209-010-0197-5
29/01/2018,Activity recognition in smart homes with self verification of assignments,"LG Fahad, A Khan, M Rajarajan - Neurocomputing, 2015 - Elsevier",2015,Google Scholar,https://www.sciencedirect.com/science/article/pii/S0925231214011552
29/01/2018,Smart home-based longitudinal functional assessment,"P Dawadi, DJ Cook… - Proceedings of the 2014 …, 2014 - dl.acm.org",2014,Google Scholar,https://dl.acm.org/citation.cfm?id=2638813
29/01/2018,Enhancing smart home algorithms using temporal relations,"VR Jakkula, DJ Cook - Technology and Aging, 2008 - books.google.com",2008,Google Scholar,https://books.google.co.uk/books?hl=en&lr=&id=OSCScvzDPrwC&oi=fnd&pg=PA3&dq=(human+OR+people+OR+person)+AND+(behaviour+OR+behavior+OR+action+OR+activity)+AND+(prediction+OR+predicting+OR+forecast+OR+forecasting)+AND+(algorithm+OR+method+OR+technique+OR+learning)+AND+(%22smart+home%22+OR+%22smart+environment%22+OR+%22smart+homes%22+OR+%22smart+e&ots=gslOCGufSo&sig=u6WsJMAOEoXBa5GRxZU6kbeHaq0
29/01/2018,An Active Architecture for Managing Events in Pervasive Computing Environments.,"E Wong, LJ Burnell, C Hannon - FLAIRS Conference, 2004 - vvvvw.aaai.org",2004,Google Scholar,https://vvvvw.aaai.org/Papers/FLAIRS/2004/Flairs04-071.pdf
29/01/2018,Learning robot vision for assisted living,"W Yan, E Torta, D van der Pol, N Meins… - … for Machine Leaning …, 2012 - books.google.com",2012,Google Scholar,https://books.google.co.uk/books?hl=en&lr=&id=BcSeBQAAQBAJ&oi=fnd&pg=PA257&dq=(human+OR+people+OR+person)+AND+(behaviour+OR+behavior+OR+action+OR+activity)+AND+(prediction+OR+predicting+OR+forecast+OR+forecasting)+AND+(algorithm+OR+method+OR+technique+OR+learning)+AND+(%22smart+home%22+OR+%22smart+environment%22+OR+%22smart+homes%22+OR+%22smart+e&ots=YWyGRHpz4-&sig=jsQ0TrxyM-dmZPQ27q7ufSCVgfQ
29/01/2018,Emotion recognition using EEG signals with relative power values and Bayesian network,"KE Ko, HC Yang, KB Sim - International Journal of Control, Automation and …, 2009 - Springer",2009,Google Scholar,https://link.springer.com/article/10.1007/s12555-009-0521-0
29/01/2018,Bayesian active transfer learning in smart homes,"T Diethe, N Twomey, P Flach - ICML Active Learning Workshop, 2015 - academia.edu",2015,Google Scholar,http://www.academia.edu/download/40943993/Active_Transfer_1_1.pdf
29/01/2018,Challenges in health smart homes,"P Bartolomeu, J Fonseca… - … for Healthcare, 2008 …, 2008 - ieeexplore.ieee.org",2008,Google Scholar,http://ieeexplore.ieee.org/abstract/document/4571016/
29/01/2018,A genetic algorithm-based classifier ensemble optimization for activity recognition in smart homes,"I Fatima, M Fahim, YK Lee, S Lee - KSII Transactions on Internet and …, 2013 - uclab.khu.ac.kr",2013,Google Scholar,http://uclab.khu.ac.kr/resources/publication/J_168.pdf
29/01/2018,Does smart home technology prevent falls in community-dwelling older adults: a literature review,"E Pietrzak, C Cotea, S Pullman - Journal of Innovation in Health …, 2014 - hijournal.bcs.org",2014,Google Scholar,http://hijournal.bcs.org/index.php/jhi/article/view/56
29/01/2018,CACE: Exploiting behavioral interactions for improved activity recognition in multi-inhabitant smart homes,"MAU Alam, N Roy, A Misra… - … Systems (ICDCS), 2016 …, 2016 - ieeexplore.ieee.org",2016,Google Scholar,http://ieeexplore.ieee.org/abstract/document/7536552/
29/01/2018,Activity modeling under uncertainty by trace of objects in smart homes,"F Amirjavid, A Bouzouane, B Bouchard - Journal of Ambient Intelligence …, 2014 - Springer",2014,Google Scholar,https://link.springer.com/article/10.1007/s12652-012-0156-5
29/01/2018,Combined fuzzy state q-learning algorithm to predict context aware user activity under uncertainty in assistive environment,"FM Ali, SW Lee, Z Bien… - … , Networking, and Parallel …, 2008 - ieeexplore.ieee.org",2008,Google Scholar,http://ieeexplore.ieee.org/abstract/document/4617348/
29/01/2018,Building data model and simulation platform for spatial interaction management in smart home,"J Lertlakkhanakul, JW Choi, MY Kim - Automation in Construction, 2008 - Elsevier",2008,Google Scholar,https://www.sciencedirect.com/science/article/pii/S0926580508000496
29/01/2018,Activity monitoring using a smart phone's accelerometer with hierarchical classification,"S Zhang, P McCullagh, C Nugent… - … Environments (IE), 2010 …, 2010 - ieeexplore.ieee.org",2010,Google Scholar,http://ieeexplore.ieee.org/abstract/document/5673816/
29/01/2018,A smart home application to eldercare: Current status and lessons learned,"M Skubic, G Alexander, M Popescu… - … and Health Care, 2009 - content.iospress.com",2009,Google Scholar,https://content.iospress.com/articles/technology-and-health-care/thc00551
29/01/2018,Urban sensing and smart home energy optimisations: A machine learning approach,"MS Shahriar, MS Rahman - … of the 2015 International Workshop on …, 2015 - dl.acm.org",2015,Google Scholar,https://dl.acm.org/citation.cfm?id=2820979
29/01/2018,Interleaved Activity Recognition for Smart Home residents.,"G Singla, DJ Cook - Intelligent Environments, 2009 - books.google.com",2009,Google Scholar,https://books.google.co.uk/books?hl=en&lr=&id=VGqCZe4lHWUC&oi=fnd&pg=PA145&dq=(human+OR+people+OR+person)+AND+(behaviour+OR+behavior+OR+action+OR+activity)+AND+(prediction+OR+predicting+OR+forecast+OR+forecasting)+AND+(algorithm+OR+method+OR+technique+OR+learning)+AND+(%22smart+home%22+OR+%22smart+environment%22+OR+%22smart+homes%22+OR+%22smart+e&ots=xlCSsU1J8E&sig=-9-DYL3nE0gQZH7YYY1acYiMXVM
29/01/2018,Smart home technologies for health and social care support,"S Martin, G Kelly, WG Kernohan… - The Cochrane …, 2008 - Wiley Online Library",2008,Google Scholar,http://onlinelibrary.wiley.com/doi/10.1002/14651858.CD006412.pub2/full
29/01/2018,Hardware simulation of pattern matching and reinforcement learning to predict the user next action of smart home device usage,"M Marufuzzaman, MBI Reaz - World Applied Sciences Journal, 2013 - Citeseer",2013,Google Scholar,http://citeseerx.ist.psu.edu/viewdoc/download?doi=10.1.1.388.7101&rep=rep1&type=pdf
29/01/2018,User activity recognition for energy saving in smart home environment,"WS Lima, E Souto, T Rocha, RW Pazzi… - … (ISCC), 2015 IEEE …, 2015 - ieeexplore.ieee.org",2015,Google Scholar,http://ieeexplore.ieee.org/abstract/document/7405604/
29/01/2018,ISEE Smart Home (ISH): Smart video analysis for home security,"J Zhang, Y Shan, K Huang - Neurocomputing, 2015 - Elsevier",2015,Google Scholar,https://www.sciencedirect.com/science/article/pii/S092523121401011X
29/01/2018,Smart-home device that self-qualifies for away-state functionality,"EJ Fisher, Y Matsuoka - US Patent 8,622,314, 2014 - Google Patents",2014,Google Scholar,https://patents.google.com/patent/US8622314B2/en
29/01/2018,A personal smart space approach to realising ambient ecologies,"E Papadopoulou, S Gallacher, NK Taylor… - Pervasive and Mobile …, 2012 - Elsevier",2012,Google Scholar,https://www.sciencedirect.com/science/article/pii/S1574119211001453
29/01/2018,Inhabitant guidance of smart environments,"P Rashidi, GM Youngblood, DJ Cook… - … Conference on Human …, 2007 - Springer",2007,Google Scholar,https://link.springer.com/chapter/10.1007/978-3-540-73107-8_100
29/01/2018,Simulation of smart home activity datasets,"J Synnott, C Nugent, P Jeffers - Sensors, 2015 - mdpi.com",2015,Google Scholar,http://www.mdpi.com/1424-8220/15/6/14162/htm
29/01/2018,A frequent pattern mining approach for ADLs recognition in smart environments,"B Chikhaoui, S Wang, H Pigot - … Information Networking and …, 2011 - ieeexplore.ieee.org",2011,Google Scholar,http://ieeexplore.ieee.org/abstract/document/5763412/
29/01/2018,Systems and methods for adaptive smart environment automation,"DJ Cook, P Rashidi - US Patent 8,880,378, 2014 - Google Patents",2014,Google Scholar,https://patents.google.com/patent/US8880378B2/en
29/01/2018,Pervasive informatics and persistent actimetric information in health smart homes: From Language Model to Location Model,"Y Fouquet, J Demongeot… - Complex, Intelligent and …, 2009 - ieeexplore.ieee.org",2009,Google Scholar,http://ieeexplore.ieee.org/abstract/document/5066903/
29/01/2018,Stochastic analysis of smart home user activities,"MR Alam, MBI Reaz, FH Hashim… - Neural Networks (IJCNN …, 2011 - ieeexplore.ieee.org",2011,Google Scholar,http://ieeexplore.ieee.org/abstract/document/6033194/
29/01/2018,Depth map-based human activity tracking and recognition using body joints features and self-organized map,"A Jalal, S Kamal, D Kim - Computing, Communication and …, 2014 - ieeexplore.ieee.org",2014,Google Scholar,http://ieeexplore.ieee.org/abstract/document/6963013/
29/01/2018,It's like living with a friendly stranger: perceptions of personality traits in a smart home,"S Mennicken, O Zihler, F Juldaschewa… - Proceedings of the …, 2016 - dl.acm.org",2016,Google Scholar,https://dl.acm.org/citation.cfm?id=2971757
29/01/2018,Elderly daily activity habits or lifestyle in their natural environments,"C Marie, E Daniel, C Eric - … of the 4th International Conference on …, 2011 - dl.acm.org",2011,Google Scholar,https://dl.acm.org/citation.cfm?id=2141654
29/01/2018,A time series based sequence prediction algorithm to detect activities of daily living in smart home,"M Marufuzzaman, MBI Reaz, MAM Ali… - … of information in …, 2015 - methods.schattauer.de",2015,Google Scholar,https://methods.schattauer.de/en/contents/archivestandard/manuscript/23908/download.html
29/01/2018,Predictive data mining to learn health vitals of a resident in a smart home,"V Jakkula - Data Mining Workshops, 2007. ICDM Workshops …, 2007 - ieeexplore.ieee.org",2007,Google Scholar,http://ieeexplore.ieee.org/abstract/document/4476662/
29/01/2018,Generation of human computational models with machine learning,"…, T Garcia-Valverde, JA Botia, E Serrano - Information Sciences, 2015 - Elsevier",2015,Google Scholar,https://www.sciencedirect.com/science/article/pii/S0020025514009049
29/01/2018,Better technologies and services for smart homes of disabled people: empirical findings from an explorative study among intellectually disabled,"J Ojasalo, N Suomalainen, H Seppälä… - … (ICSTE), 2010 2nd …, 2010 - ieeexplore.ieee.org",2010,Google Scholar,http://ieeexplore.ieee.org/abstract/document/5608845/
29/01/2018,Occupant behaviour prediction in ambient intelligence computing environment,"MJ Akhlaghinia, A Lotfi, C Langensiepen… - Journal of Uncertain …, 2008 - academia.edu",2008,Google Scholar,http://www.academia.edu/download/41354388/Occupant_20Behaviour_20Prediction_20in_20Ambient_20Intelligence_20Computing_20Environment.pdf
29/01/2018,Performance evaluation of ambient services by combining robotic frameworks and a smart environment platform,"M Arndt, S Wille, L De Souza, VF Rey, N Wehn… - Robotics and …, 2013 - Elsevier",2013,Google Scholar,https://www.sciencedirect.com/science/article/pii/S0921889013000614
29/01/2018,Activity recognition for the smart hospital,"D Sánchez, M Tentori, J Favela - IEEE intelligent systems, 2008 - ieeexplore.ieee.org",2008,Google Scholar,http://ieeexplore.ieee.org/abstract/document/4475859/
29/01/2018,Navigate like a cabbie: Probabilistic reasoning from observed context-aware behavior,"BD Ziebart, AL Maas, AK Dey, JA Bagnell - Proceedings of the 10th …, 2008 - dl.acm.org",2008,Google Scholar,https://dl.acm.org/citation.cfm?id=1409678
29/01/2018,System and method for intuitive user interaction,"E Aharonson, I Riemer, E Dukas - US Patent App. 12/994,152, 2011 - Google Patents",2011,Google Scholar,https://patents.google.com/patent/US20110106736A1/en
29/01/2018,A predictive framework for location-aware resource management in smart homes,"A Roy, SK Das, K Basu - IEEE Transactions on mobile …, 2007 - ieeexplore.ieee.org",2007,Google Scholar,http://ieeexplore.ieee.org/abstract/document/4318967/
29/01/2018,A video‐based human fall detection system for smart homes,"YT Chen, YC Lin, WH Fang - Journal of the Chinese Institute of …, 2010 - Taylor & Francis",2010,Google Scholar,http://www.tandfonline.com/doi/abs/10.1080/02533839.2010.9671657
29/01/2018,Design of myServer: A residential server in smart home systems,"WC Teng, YC Pao, SL Chung - Asia-Pacific Services …, 2008 - ieeexplore.ieee.org",2008,Google Scholar,http://ieeexplore.ieee.org/abstract/document/4780737/
29/01/2018,Smart home system design based on artificial neural networks,"A Badlani, S Bhanot - Proceedings of the World Congress …, 2011 - pdfs.semanticscholar.org",2011,Google Scholar,https://pdfs.semanticscholar.org/f0e3/a160368eacb118c7222d26c623ebc264d094.pdf
29/01/2018,Searching for temporal patterns in ami sensor data,"R Tavenard, AA Salah, EJ Pauwels - European Conference on Ambient …, 2007 - Springer",2007,Google Scholar,https://link.springer.com/chapter/10.1007/978-3-540-85379-4_7
29/01/2018,A systematic approach to adaptive activity modeling and discovery in smart homes,"L Chen, G Okeyo, H Wang, R Sterritt… - … and Informatics (BMEI …, 2011 - ieeexplore.ieee.org",2011,Google Scholar,http://ieeexplore.ieee.org/abstract/document/6098760/
29/01/2018,Exploiting Environmental Sounds for Activity Recognition in Smart Homes.,"…, D Fortin-Simard, E Blackburn-Verreault… - … Technologies and Smart …, 2015 - aaai.org",2015,Google Scholar,http://www.aaai.org/ocs/index.php/WS/AAAIW15/paper/viewFile/9697/10150
29/01/2018,Systems and methods for adaptive smart environment automation,"DJ Cook, P Rashidi - US Patent 8,417,481, 2013 - Google Patents",2013,Google Scholar,https://patents.google.com/patent/US8417481B2/en
29/01/2018,"Intelligent buildings of the future: Cyberaware, deep learning powered, and human interacting","M Manic, K Amarasinghe… - IEEE Industrial …, 2016 - ieeexplore.ieee.org",2016,Google Scholar,http://ieeexplore.ieee.org/abstract/document/7792825/
29/01/2018,Bridging the Gap between Real and Simulated Environments: a Hybrid Agent-Based Smart Home Simulator Architecture for Complex Systems,"O Kamara-Esteban, G Sorrosal, A Pijoan… - … of People, and Smart …, 2016 - ieeexplore.ieee.org",2016,Google Scholar,http://ieeexplore.ieee.org/abstract/document/7816848/
29/01/2018,An integrative method on the remote monitoring of walking activity using ubiquitous healthcare system,"W Toyib, ES Lee, MG Park - International Journal on Electrical …, 2011 - search.proquest.com",2011,Google Scholar,http://search.proquest.com/openview/62682ac22c2a224cd776f6f0b2b49d79/1?pq-origsite=gscholar&cbl=316223
29/01/2018,Smart services across the real and virtual worlds,"E Stroulia - The smart internet, 2010 - Springer",2010,Google Scholar,https://link.springer.com/chapter/10.1007/978-3-642-16599-3_13
29/01/2018,Levels of abstraction for behavior modeling in the GerHome project,"…, M Le Goc, A Anfosso, E Pascual - International Journal of E …, 2012 - igi-global.com",2012,Google Scholar,https://www.igi-global.com/article/content/70006
29/01/2018,The ubiquitous home,"T Yamazaki - International Journal of Smart Home, 2007 - Citeseer",2007,Google Scholar,http://citeseerx.ist.psu.edu/viewdoc/download?doi=10.1.1.447.9661&rep=rep1&type=pdf
29/01/2018,Forecasting of threatening situations in Smart Space,"…, M Jonczyk, J Legierski, E Szczekocka - Computer Science …, 2012 - ieeexplore.ieee.org",2012,Google Scholar,http://ieeexplore.ieee.org/abstract/document/6354350/
29/01/2018,Conflict resolution and preference learning in ubiquitous environment,"MK Hasan, K Anh, L Mehedy, YK Lee, S Lee - International Conference on …, 2006 - Springer",2006,Google Scholar,https://link.springer.com/chapter/10.1007/11816171_45
29/01/2018,Towards appliance usage prediction for home energy management,"NC Truong, L Tran-Thanh, E Costanza… - Proceedings of the …, 2013 - dl.acm.org",2013,Google Scholar,https://dl.acm.org/citation.cfm?id=2487210
29/01/2018,Activity recognition for diabetic patients using a smartphone,"B Cvetković, V Janko, AE Romero, Ö Kafalı… - Journal of medical …, 2016 - Springer",2016,Google Scholar,https://link.springer.com/article/10.1007/s10916-016-0598-y
29/01/2018,A smart home agent for plan recognition of cognitively-impaired patients.,"B Bouchard, S Giroux, A Bouzouane - JCP, 2006 - jcomputers.us",2006,Google Scholar,http://www.jcomputers.us/vol1/jcp0105-06.pdf
29/01/2018,Smart home energy management system using IEEE 802.15. 4 and zigbee,"DM Han, JH Lim - IEEE Transactions on Consumer Electronics, 2010 - ieeexplore.ieee.org",2010,Google Scholar,http://ieeexplore.ieee.org/abstract/document/5606276/
29/01/2018,A field study of human-agent interaction for electricity tariff switching,"A Alan, E Costanza, J Fischer, SD Ramchurn… - Proceedings of the …, 2014 - dl.acm.org",2014,Google Scholar,https://dl.acm.org/citation.cfm?id=2617400
29/01/2018,Incremental learning of daily routines as workflows in a smart home environment,"BD Carolis, S Ferilli, D Redavid - ACM Transactions on Interactive …, 2015 - dl.acm.org",2015,Google Scholar,https://dl.acm.org/citation.cfm?id=2675063
29/01/2018,Automatic sensor data stream segmentation for real-time activity prediction in smart spaces,"H Cho, J An, I Hong, Y Lee - Proceedings of the 2015 Workshop on IoT …, 2015 - dl.acm.org",2015,Google Scholar,https://dl.acm.org/citation.cfm?id=2753484
29/01/2018,Towards analytical evaluation of human machine interfaces developed in the context of smart homes,"B Chikhaoui, H Pigot - Interacting with Computers, 2010 - academic.oup.com",2010,Google Scholar,https://academic.oup.com/iwc/article-abstract/22/6/449/742144
29/01/2018,Machine learning based adaptive context-aware system for smart home environment,"MH Kabir, MR Hoque, H Seo… - … Journal of Smart Home, 2015 - pdfs.semanticscholar.org",2015,Google Scholar,https://pdfs.semanticscholar.org/8cf5/fe5062727744f5429bb34d9c0bd24f439ee6.pdf
29/01/2018,Smart environments and context-awareness for lifestyle management in a healthy active ageing framework,"…, S Chessa, C Gallicchio, A Micheli, E Ferro… - … Conference on Artificial …, 2015 - Springer",2015,Google Scholar,https://link.springer.com/10.1007/978-3-319-23485-4_6
29/01/2018,Trace of objects to retrieve prediction patterns of activities in smart homes,"F Amirjavid, A Bouzouane, B Bouchard - International Conference on …, 2011 - Springer",2011,Google Scholar,https://link.springer.com/10.1007%2F978-3-642-22688-5_30
29/01/2018,Robotic ubiquitous cognitive ecology for smart homes,"G Amato, D Bacciu, M Broxvall, S Chessa… - Journal of Intelligent & …, 2015 - Springer",2015,Google Scholar,https://link.springer.com/article/10.1007/s10846-015-0178-2
29/01/2018,Health and wellness monitoring through wearable and ambient sensors: exemplars from home-based care of elderly with mild dementia,"J Biswas, A Tolstikov, M Jayachandran, V Foo… - Annals of …, 2010 - Springer",2010,Google Scholar,https://link.springer.com/article/10.1007/s12243-010-0176-0
29/01/2018,Resident and Caregiver: Handling Multiple People in a Smart Care Facility.,"AS Crandall, DJ Cook - AAAI Fall Symposium: AI in Eldercare: New …, 2008 - ocs.aaai.org",2008,Google Scholar,https://ocs.aaai.org/Papers/Symposia/Fall/2008/FS-08-02/FS08-02-007.pdf
29/01/2018,Smart wearable body sensors for patient self-assessment and monitoring,"G Appelboom, E Camacho… - Archives of …, 2014 - archpublichealth.biomedcentral.com",2014,Google Scholar,https://archpublichealth.biomedcentral.com/articles/10.1186/2049-3258-72-28
29/01/2018,A pervasive multi-sensor data fusion for smart home healthcare monitoring,"H Medjahed, D Istrate, J Boudy… - … (FUZZ), 2011 IEEE …, 2011 - ieeexplore.ieee.org",2011,Google Scholar,http://ieeexplore.ieee.org/abstract/document/6007636/
29/01/2018,Self-* Properties in Smart Environments: Requirements and Performance Metrics.,"EU Warriach, T Ozcelebi… - Intelligent Environments …, 2014 - books.google.com",2014,Google Scholar,https://books.google.co.uk/books?hl=en&lr=&id=lpzYBAAAQBAJ&oi=fnd&pg=PA194&dq=(human+OR+people+OR+person)+AND+(behaviour+OR+behavior+OR+action+OR+activity)+AND+(prediction+OR+predicting+OR+forecast+OR+forecasting)+AND+(algorithm+OR+method+OR+technique+OR+learning)+AND+(%22smart+home%22+OR+%22smart+environment%22+OR+%22smart+homes%22+OR+%22smart+e&ots=vTT0N7i58p&sig=EKKiqfs-4oO9f64VDkB9toVET-Y
29/01/2018,Activity recognition using eye-gaze movements and traditional interactions,"F Courtemanche, E Aïmeur, A Dufresne… - Interacting with …, 2011 - academic.oup.com",2011,Google Scholar,https://academic.oup.com/iwc/article-abstract/23/3/202/689445
29/01/2018,Smart sensing system for human emotion and behaviour recognition,"NK Suryadevara, T Quazi… - Perception and Machine …, 2012 - Springer",2012,Google Scholar,https://link.springer.com/chapter/10.1007/978-3-642-27387-2_2
29/01/2018,Dense RGB-D Map-Based Human Tracking and Activity Recognition using Skin Joints Features and Self-Organizing Map.,"A Farooq, A Jalal, S Kamal - KSII Transactions on Internet & …, 2015 - academia.edu",2015,Google Scholar,http://www.academia.edu/download/43481903/paper1.pdf
29/01/2018,Smart environment architecture for emotion detection and regulation,"…, JM Pastor, JC Castillo, E Lozano-Monasor… - Journal of biomedical …, 2016 - Elsevier",2016,Google Scholar,https://www.sciencedirect.com/science/article/pii/S1532046416301289
29/01/2018,Connectivity for the indoor and outdoor elderly people safety management: an example from our current project,"M Chan, E Campo, W Bourennane… - European Symposium on …, 2010 - academia.edu",2010,Google Scholar,http://www.academia.edu/download/46420215/Connectivity_for_the_Indoor_and_Outdoor_20160612-12355-1y2jcic.pdf
29/01/2018,Decision making in assistive environments using multimodal observations,"Y Lin, E Becker, K Park, Z Le, F Makedon - Proceedings of the 2nd …, 2009 - dl.acm.org",2009,Google Scholar,https://dl.acm.org/citation.cfm?id=1579120
29/01/2018,A semantic and environment models-based user behavior prediction scheme in smart home,"JM Hsu, I Chang - Advanced Science Letters, 2012 - ingentaconnect.com",2012,Google Scholar,http://www.ingentaconnect.com/content/asp/asl/2012/00000009/00000001/art00027
29/01/2018,Applying human learning principles to user-centered IoT systems,"SW Lee, O Prenzel, Z Bien - Computer, 2013 - ieeexplore.ieee.org",2013,Google Scholar,http://ieeexplore.ieee.org/abstract/document/6378489/
29/01/2018,An unsupervised learning method for human activity recognition based on a temporal qualitative model,"F Vandewiele, C Motamed - International Workshop on Behaviour …, 2011 - hal.inria.fr",2011,Google Scholar,https://hal.inria.fr/inria-00624367/
29/01/2018,The elderly's independent living in smart homes: A characterization of activities and sensing infrastructure survey to facilitate services development,"Q Ni, AB García Hernando, IP de la Cruz - Sensors, 2015 - mdpi.com",2015,Google Scholar,http://www.mdpi.com/1424-8220/15/5/11312
29/01/2018,Applications and challenges of human activity recognition using sensors in a smart environment,"JT Sunny, SM George… - IJIRST Int. J. Innov …, 2015 - pdfs.semanticscholar.org",2015,Google Scholar,https://pdfs.semanticscholar.org/459d/fc9d82b464dbca17171730e78b2f2ec9db2f.pdf
29/01/2018,Hidden state conditional random field for abnormal activity recognition in smart homes,"Y Tong, R Chen, J Gao - Entropy, 2015 - mdpi.com",2015,Google Scholar,http://www.mdpi.com/1099-4300/17/3/1358
29/01/2018,Context-aware resource management in multi-inhabitant smart homes: A framework based on Nash H-learning,"SK Das, N Roy, A Roy - Pervasive and Mobile Computing, 2006 - Elsevier",2006,Google Scholar,https://www.sciencedirect.com/science/article/pii/S1574119206000447
29/01/2018,"Smart homes: past, present and future","FK Aldrich - Inside the smart home, 2003 - Springer",2003,Google Scholar,https://link.springer.com/content/pdf/10.1007/1-85233-854-7_2.pdf
29/01/2018,Extracting and visualising human activity patterns of daily living in a smart home environment,"Y Nam, S Rho, S Lee - IET communications, 2011 - IET",2011,Google Scholar,http://digital-library.theiet.org/content/journals/10.1049/iet-com.2010.0936
29/01/2018,Turning domestic appliances into a sensor network for monitoring of activities of daily living,"P Augustyniak, E Kantoch - Journal of Medical Imaging and …, 2015 - ingentaconnect.com",2015,Google Scholar,http://www.ingentaconnect.com/content/asp/jmihi/2015/00000005/00000008/art00012
29/01/2018,Human activity recognition using recurrent neural networks,"D Singh, E Merdivan, I Psychoula, J Kropf… - … for Machine Learning …, 2017 - Springer",2017,Google Scholar,https://link.springer.com/chapter/10.1007/978-3-319-66808-6_18
29/01/2018,Coordinating the web of services for a smart home,"E Kaldeli, EU Warriach, A Lazovik… - ACM Transactions on the …, 2013 - dl.acm.org",2013,Google Scholar,https://dl.acm.org/citation.cfm?id=2460389
29/01/2018,Learning latent structure for activity recognition,"N Hu, G Englebienne, Z Lou… - Robotics and Automation …, 2014 - ieeexplore.ieee.org",2014,Google Scholar,http://ieeexplore.ieee.org/abstract/document/6906983/
29/01/2018,The smart condo project: services for independent living,"…, L Liu, I Nikolaidis, C Sadowski, E Stroulia - E-Health, assistive …, 2011 - igi-global.com",2011,Google Scholar,https://www.igi-global.com/chapter/smart-condo-project/51393
29/01/2018,"Real-time human ambulation, activity, and physiological monitoring: Taxonomy of issues, techniques, applications, challenges and limitations","R Khusainov, D Azzi, IE Achumba, SD Bersch - Sensors, 2013 - mdpi.com",2013,Google Scholar,http://www.mdpi.com/1424-8220/13/10/12852htm
29/01/2018,Novelty detection in human behavior through analysis of energy utilization,"C Chen, DJ Cook - Human Behavior Recognition Technologies, 2013 - books.google.com",2013,Google Scholar,https://books.google.co.uk/books?hl=en&lr=&id=lc-eBQAAQBAJ&oi=fnd&pg=PA65&dq=(human+OR+people+OR+person)+AND+(behaviour+OR+behavior+OR+action+OR+activity)+AND+(prediction+OR+predicting+OR+forecast+OR+forecasting)+AND+(algorithm+OR+method+OR+technique+OR+learning)+AND+(%22smart+home%22+OR+%22smart+environment%22+OR+%22smart+homes%22+OR+%22smart+e&ots=WqCB7jigZ5&sig=t1ny0m8FmBAhXP5VxZAhZElovVg
29/01/2018,Ambient intelligence—the next step for artificial intelligence,"C Ramos, JC Augusto, D Shapiro - IEEE Intelligent Systems, 2008 - ieeexplore.ieee.org",2008,Google Scholar,http://ieeexplore.ieee.org/abstract/document/4475854/
29/01/2018,Smart Sweet Home… A Pervasive Environment for Sensing our Daily Activity?,"N Noury, J Poujaud, A Fleury, R Nocua… - Activity recognition in …, 2011 - Springer",2011,Google Scholar,https://link.springer.com/chapter/10.2991/978-94-91216-05-3_9
29/01/2018,Automated selection of the active device in interactive multi-device smart spaces,"K Kaowthumrong, J Lebsack, R Han - Workshop at UbiComp, 2002 - Citeseer",2002,Google Scholar,http://citeseerx.ist.psu.edu/viewdoc/download?doi=10.1.1.4.8149&rep=rep1&type=pdf
29/01/2018,Abnormal behavioral patterns detection from activity records of institutionalized older adults,"V Soto-Mendoza, J Beltrán, E Chávez… - Human Behavior …, 2015 - Springer",2015,Google Scholar,https://link.springer.com/10.1007/978-3-319-24195-1_9
29/01/2018,Hierarchical processing in scalable and portable sensor networks for activity recognition,"CR Wren, EM Tapia - US Patent 7,359,836, 2008 - Google Patents",2008,Google Scholar,https://patents.google.com/patent/US7359836B2/en
